feature,importance
hour_cos,0.6183135194781358
hour_sin,0.1489932455683179
is_weekend,0.11752286881093049
is_evening_peak,0.06729332497031448
is_morning_peak,0.02133113008223215
occupancy,0.008802146553085654
temperature,0.007979827470973566
volume,0.005305277325240779
queue_length,0.003330836579006439
rainfall,0.0010163632433489594
is_rainy,0.00011145991841362602
