Model,Test Accuracy,Precision,Recall,F1-Score
Logistic Regression,0.7320980138497831,0.6728971962616822,0.7369628518485838,0.7034744156664561
Random Forest,0.8063693782817137,0.9844816883923029,0.5597811700344127,0.7137312257411261
Gradient Boosting,0.8062932805722548,0.9756171898811338,0.5648989676166946,0.7155071248952222
